Merrill,Xena,F,Clg Simone de Beauvoir,6AN
Rojas,Grady,F,Clg Simone de Beauvoir,6AN
Joyner,Aurora,M,Clg Simone de Beauvoir,6AN
Justice,Jescie,F,Clg Simone de Beauvoir,6AN
Meadows,Jesse,M,Clg Simone de Beauvoir,6AN
Peck,Aubrey,F,Clg Simone de Beauvoir,6AN
Washington,Keaton,F,Clg Simone de Beauvoir,6AN
Cleveland,Leandra,F,Clg Simone de Beauvoir,6AN
Gallegos,Tyrone,M,Clg Simone de Beauvoir,6AN
Haley,Paul,M,Clg Simone de Beauvoir,6AN
Robles,Lunea,F,Clg Simone de Beauvoir,6AN
Rose,Montana,M,Clg Simone de Beauvoir,6AN
Crane,Caldwell,M,Clg Simone de Beauvoir,6AN
Johns,Stella,M,Clg Simone de Beauvoir,6AN
Bullock,Erasmus,M,Clg Simone de Beauvoir,6AN
Bass,Damon,F,Clg Simone de Beauvoir,6AN
Nixon,Helen,F,Clg Simone de Beauvoir,6AN
Reynolds,Hedda,F,Clg Simone de Beauvoir,6AN
Vang,Madeson,F,Clg Simone de Beauvoir,6AN
Atkinson,Kevin,M,Clg Simone de Beauvoir,6AN
Brewer,Drake,M,Clg Simone de Beauvoir,6AN
Ball,Hayley,F,Clg Simone de Beauvoir,6AN
Hall,Britanney,M,Clg Simone de Beauvoir,6AN
Romero,Brody,F,Clg Simone de Beauvoir,6AN
Rivera,Lyle,F,Clg Simone de Beauvoir,6AN
Simpson,Chancellor,F,Clg Simone de Beauvoir,6AN
Callahan,Nash,F,Clg Simone de Beauvoir,6AN
Medina,Armando,M,Clg Simone de Beauvoir,6AN
Vaughn,Gay,F,Clg Simone de Beauvoir,6AN
Barnes,Keane,M,Clg Simone de Beauvoir,6AN
Hayden,Wendy,M,Clg Simone de Beauvoir,6MO
Beach,Barrett,F,Clg Simone de Beauvoir,6MO
Callahan,Larissa,M,Clg Simone de Beauvoir,6MO
Mercer,Hedda,F,Clg Simone de Beauvoir,6MO
Bonner,Wanda,F,Clg Simone de Beauvoir,6MO
Best,Glenna,M,Clg Simone de Beauvoir,6MO
Clements,Acton,M,Clg Simone de Beauvoir,6MO
Holden,Blaze,M,Clg Simone de Beauvoir,6MO
Gentry,Oscar,F,Clg Simone de Beauvoir,6MO
Herring,Magee,F,Clg Simone de Beauvoir,6MO
Sawyer,Dakota,F,Clg Simone de Beauvoir,6MO
Sheppard,Martina,F,Clg Simone de Beauvoir,6MO
Slater,Howard,F,Clg Simone de Beauvoir,6MO
Wilkins,Bradley,M,Clg Simone de Beauvoir,6MO
Bryan,Maggy,F,Clg Simone de Beauvoir,6MO
Adkins,Mark,F,Clg Simone de Beauvoir,6MO
Fitzpatrick,Ira,M,Clg Simone de Beauvoir,6MO
Hunter,Rahim,M,Clg Simone de Beauvoir,6MO
Wong,Cheryl,M,Clg Simone de Beauvoir,6MO
Montoya,Adena,M,Clg Simone de Beauvoir,6MO
Fulton,Harrison,F,Clg Simone de Beauvoir,6MO
Mitchell,Kasper,F,Clg Simone de Beauvoir,6MO
Parks,Lewis,M,Clg Simone de Beauvoir,6MO
Simmons,Natalie,F,Clg Simone de Beauvoir,6MO
Wilson,Chanda,M,Clg Simone de Beauvoir,6MO
Johns,Reece,F,Clg Simone de Beauvoir,6MO
Workman,Shellie,M,Clg Simone de Beauvoir,6MO
Lawson,Timon,F,Clg Simone de Beauvoir,6MO
Compton,Lysandra,M,Clg Simone de Beauvoir,6MO
Molina,Ferris,F,Clg Simone de Beauvoir,6MO
Hooper,Neil,F,Clg Simone de Beauvoir,6GO
Maddox,Whilemina,F,Clg Simone de Beauvoir,6GO
Patterson,Rinah,M,Clg Simone de Beauvoir,6GO
Williamson,Garrison,F,Clg Simone de Beauvoir,6GO
Macdonald,Zena,M,Clg Simone de Beauvoir,6GO
Holden,Isabella,M,Clg Simone de Beauvoir,6GO
Austin,Karen,F,Clg Simone de Beauvoir,6GO
Mueller,Omar,M,Clg Simone de Beauvoir,6GO
Jenkins,Solomon,F,Clg Simone de Beauvoir,6GO
Adams,Malik,M,Clg Simone de Beauvoir,6GO
Kirby,Maggie,F,Clg Simone de Beauvoir,6GO
Garza,Isaac,F,Clg Simone de Beauvoir,6GO
Hewitt,Rachel,F,Clg Simone de Beauvoir,6GO
Brooks,Baxter,F,Clg Simone de Beauvoir,6GO
Abbott,Porter,M,Clg Simone de Beauvoir,6GO
Pierce,Keely,F,Clg Simone de Beauvoir,6GO
Wynn,Quin,M,Clg Simone de Beauvoir,6GO
Dennis,Garrett,F,Clg Simone de Beauvoir,6GO
Fowler,Vernon,M,Clg Simone de Beauvoir,6GO
Johnson,Vera,F,Clg Simone de Beauvoir,6GO
Chen,Rhiannon,M,Clg Simone de Beauvoir,6GO
Holden,Dennis,M,Clg Simone de Beauvoir,6GO
Cain,Quincy,M,Clg Simone de Beauvoir,6GO
Randall,Fletcher,M,Clg Simone de Beauvoir,6GO
Talley,Wendy,M,Clg Simone de Beauvoir,6GO
Mueller,Claudia,M,Clg Simone de Beauvoir,6GO
Sparks,Mufutau,F,Clg Simone de Beauvoir,6GO
Alston,Tatyana,M,Clg Simone de Beauvoir,6GO
Arnold,MacKensie,F,Clg Simone de Beauvoir,6GO
Adams,Donovan,F,Clg Simone de Beauvoir,6GO
Greer,Kato,M,Clg Simone de Beauvoir,6DS
Holder,Garrison,M,Clg Simone de Beauvoir,6DS
Kane,Kaye,M,Clg Simone de Beauvoir,6DS
Wilkins,Zoe,M,Clg Simone de Beauvoir,6DS
Edwards,Ima,F,Clg Simone de Beauvoir,6DS
Stokes,Taylor,M,Clg Simone de Beauvoir,6DS
Briggs,India,M,Clg Simone de Beauvoir,6DS
Koch,Blythe,M,Clg Simone de Beauvoir,6DS
Donaldson,Lael,F,Clg Simone de Beauvoir,6DS
Dawson,Dora,M,Clg Simone de Beauvoir,6DS
Alford,Igor,M,Clg Simone de Beauvoir,6DS
Cash,Rafael,F,Clg Simone de Beauvoir,6DS
William,Zeus,F,Clg Simone de Beauvoir,6DS
Hanson,Tamekah,M,Clg Simone de Beauvoir,6DS
Maddox,Alika,F,Clg Simone de Beauvoir,6DS
Hanson,Yolanda,F,Clg Simone de Beauvoir,6DS
Mcdaniel,Hoyt,F,Clg Simone de Beauvoir,6DS
Blair,Larissa,F,Clg Simone de Beauvoir,6DS
Molina,Laith,F,Clg Simone de Beauvoir,6DS
Shaffer,Maggy,M,Clg Simone de Beauvoir,6DS
Short,Aspen,F,Clg Simone de Beauvoir,6DS
Patton,Elijah,M,Clg Simone de Beauvoir,6DS
Harper,Giselle,M,Clg Simone de Beauvoir,6DS
Durham,Shannon,M,Clg Simone de Beauvoir,6DS
Rollins,Melodie,M,Clg Simone de Beauvoir,6DS
Conway,Lani,F,Clg Simone de Beauvoir,6DS
Lyons,Sylvia,M,Clg Simone de Beauvoir,6DS
Bauer,Shafira,F,Clg Simone de Beauvoir,6DS
Bradford,Brandon,F,Clg Simone de Beauvoir,6DS
Burris,Ahmed,M,Clg Simone de Beauvoir,6DS
Lynch,Aline,M,Clg Simone de Beauvoir,6LE
Wheeler,Dora,M,Clg Simone de Beauvoir,6LE
Farley,Tallulah,F,Clg Simone de Beauvoir,6LE
Blackwell,Carson,M,Clg Simone de Beauvoir,6LE
Bruce,Wilma,M,Clg Simone de Beauvoir,6LE
Mullins,Candace,M,Clg Simone de Beauvoir,6LE
Anthony,Sandra,M,Clg Simone de Beauvoir,6LE
Monroe,Kuame,F,Clg Simone de Beauvoir,6LE
Cox,Tanya,M,Clg Simone de Beauvoir,6LE
Whitfield,Allegra,F,Clg Simone de Beauvoir,6LE
Langley,Jackson,F,Clg Simone de Beauvoir,6LE
Shields,Colin,F,Clg Simone de Beauvoir,6LE
Fry,Scarlett,F,Clg Simone de Beauvoir,6LE
Bell,Chastity,M,Clg Simone de Beauvoir,6LE
Swanson,Brielle,F,Clg Simone de Beauvoir,6LE
Murray,Carter,F,Clg Simone de Beauvoir,6LE
Rowland,Kendall,M,Clg Simone de Beauvoir,6LE
Bates,Jada,M,Clg Simone de Beauvoir,6LE
Herman,Aladdin,F,Clg Simone de Beauvoir,6LE
Holcomb,Noah,F,Clg Simone de Beauvoir,6LE
Moses,Desirae,F,Clg Simone de Beauvoir,6LE
Morrow,Mariam,F,Clg Simone de Beauvoir,6LE
Pratt,Zachary,M,Clg Simone de Beauvoir,6LE
Estes,Kerry,F,Clg Simone de Beauvoir,6LE
Clements,Silas,F,Clg Simone de Beauvoir,6LE
Ryan,Hilel,F,Clg Simone de Beauvoir,6LE
Burgess,Mark,F,Clg Simone de Beauvoir,6LE
Underwood,Lester,M,Clg Simone de Beauvoir,6LE
Hale,Cain,F,Clg Simone de Beauvoir,6LE
Cruz,Marny,F,Clg Simone de Beauvoir,6LE
Jennings,Zahir,F,Clg Simone de Beauvoir,5GH
Hoover,Jayme,M,Clg Simone de Beauvoir,5GH
Hobbs,Kalia,M,Clg Simone de Beauvoir,5GH
Best,Merritt,M,Clg Simone de Beauvoir,5GH
Terry,Camille,F,Clg Simone de Beauvoir,5GH
Gordon,Miranda,F,Clg Simone de Beauvoir,5GH
Guy,Brett,M,Clg Simone de Beauvoir,5GH
Acevedo,Wyatt,F,Clg Simone de Beauvoir,5GH
Raymond,Abigail,M,Clg Simone de Beauvoir,5GH
Powers,Kane,M,Clg Simone de Beauvoir,5GH
Blevins,Erica,M,Clg Simone de Beauvoir,5GH
Hicks,Cleo,M,Clg Simone de Beauvoir,5GH
Manning,Shelly,M,Clg Simone de Beauvoir,5GH
Carpenter,Kai,M,Clg Simone de Beauvoir,5GH
Stanton,Jelani,M,Clg Simone de Beauvoir,5GH
Church,Kadeem,F,Clg Simone de Beauvoir,5GH
Rice,Caesar,M,Clg Simone de Beauvoir,5GH
Love,Larissa,M,Clg Simone de Beauvoir,5GH
Burgess,Daria,F,Clg Simone de Beauvoir,5GH
Duran,Sybill,M,Clg Simone de Beauvoir,5GH
Wells,Lisandra,M,Clg Simone de Beauvoir,5GH
Cherry,Clark,M,Clg Simone de Beauvoir,5GH
Chan,Marshall,M,Clg Simone de Beauvoir,5GH
Stark,Aline,M,Clg Simone de Beauvoir,5GH
Lopez,Merritt,F,Clg Simone de Beauvoir,5GH
Phelps,Xandra,F,Clg Simone de Beauvoir,5GH
Sampson,Arthur,F,Clg Simone de Beauvoir,5GH
Vang,Bertha,M,Clg Simone de Beauvoir,5GH
Cooley,Allistair,F,Clg Simone de Beauvoir,5GH
Black,Keefe,M,Clg Simone de Beauvoir,5GH
Hancock,MacKensie,M,Clg Simone de Beauvoir,5OR
Robles,Martha,M,Clg Simone de Beauvoir,5OR
James,Forrest,M,Clg Simone de Beauvoir,5OR
Spears,Brady,M,Clg Simone de Beauvoir,5OR
Valenzuela,Burke,F,Clg Simone de Beauvoir,5OR
Britt,Dante,M,Clg Simone de Beauvoir,5OR
Winters,Kareem,M,Clg Simone de Beauvoir,5OR
Tanner,Scarlett,F,Clg Simone de Beauvoir,5OR
Lewis,Bree,M,Clg Simone de Beauvoir,5OR
Henson,Susan,F,Clg Simone de Beauvoir,5OR
Lee,Wayne,F,Clg Simone de Beauvoir,5OR
Ellison,Alyssa,F,Clg Simone de Beauvoir,5OR
Whitehead,Amaya,F,Clg Simone de Beauvoir,5OR
Manning,Britanney,M,Clg Simone de Beauvoir,5OR
Ingram,Paul,F,Clg Simone de Beauvoir,5OR
Potts,Brady,F,Clg Simone de Beauvoir,5OR
Burnett,Derek,F,Clg Simone de Beauvoir,5OR
Camacho,Bryar,F,Clg Simone de Beauvoir,5OR
Case,Chastity,F,Clg Simone de Beauvoir,5OR
Cleveland,Hu,M,Clg Simone de Beauvoir,5OR
Mann,Denise,M,Clg Simone de Beauvoir,5OR
Pittman,Jerry,M,Clg Simone de Beauvoir,5OR
Reynolds,Chaim,F,Clg Simone de Beauvoir,5OR
Branch,Odessa,F,Clg Simone de Beauvoir,5OR
Carroll,Demetria,F,Clg Simone de Beauvoir,5OR
Rivas,Raven,M,Clg Simone de Beauvoir,5OR
Barber,Shannon,M,Clg Simone de Beauvoir,5OR
Hogan,Vaughan,M,Clg Simone de Beauvoir,5OR
Mayo,Hashim,F,Clg Simone de Beauvoir,5OR
Ewing,Tarik,F,Clg Simone de Beauvoir,5OR
Brooks,Lillian,F,Clg Simone de Beauvoir,5MI
Solis,Reuben,M,Clg Simone de Beauvoir,5MI
Luna,Angelica,M,Clg Simone de Beauvoir,5MI
Thomas,Ross,F,Clg Simone de Beauvoir,5MI
Alston,Suki,M,Clg Simone de Beauvoir,5MI
Blackwell,Scarlet,M,Clg Simone de Beauvoir,5MI
Gilbert,Talon,M,Clg Simone de Beauvoir,5MI
Dodson,Clark,M,Clg Simone de Beauvoir,5MI
Romero,Kenneth,M,Clg Simone de Beauvoir,5MI
Avila,Solomon,F,Clg Simone de Beauvoir,5MI
Mcconnell,Jessamine,F,Clg Simone de Beauvoir,5MI
Mcfadden,Rahim,M,Clg Simone de Beauvoir,5MI
Decker,Kane,M,Clg Simone de Beauvoir,5MI
Butler,Abbot,M,Clg Simone de Beauvoir,5MI
Espinoza,Nero,M,Clg Simone de Beauvoir,5MI
Sweeney,Winter,M,Clg Simone de Beauvoir,5MI
Benton,Travis,F,Clg Simone de Beauvoir,5MI
Burt,Raya,M,Clg Simone de Beauvoir,5MI
Beck,Macy,M,Clg Simone de Beauvoir,5MI
Carey,Elijah,M,Clg Simone de Beauvoir,5MI
Dickson,Lesley,M,Clg Simone de Beauvoir,5MI
Vega,Guinevere,F,Clg Simone de Beauvoir,5MI
Atkinson,Amal,F,Clg Simone de Beauvoir,5MI
Hansen,Camilla,F,Clg Simone de Beauvoir,5MI
Clements,Adria,F,Clg Simone de Beauvoir,5MI
Guerrero,Sandra,M,Clg Simone de Beauvoir,5MI
Moody,Lewis,F,Clg Simone de Beauvoir,5MI
Little,Jennifer,M,Clg Simone de Beauvoir,5MI
Johnston,Brynne,F,Clg Simone de Beauvoir,5MI
Floyd,Molly,F,Clg Simone de Beauvoir,5MI
Golden,Aristotle,F,Clg Simone de Beauvoir,5VE
Patrick,Marah,M,Clg Simone de Beauvoir,5VE
Orr,Laurel,F,Clg Simone de Beauvoir,5VE
Blankenship,Carly,M,Clg Simone de Beauvoir,5VE
Chang,Kessie,F,Clg Simone de Beauvoir,5VE
Chan,Skyler,F,Clg Simone de Beauvoir,5VE
Morton,Jin,F,Clg Simone de Beauvoir,5VE
Winters,Aimee,M,Clg Simone de Beauvoir,5VE
Mathews,Vladimir,F,Clg Simone de Beauvoir,5VE
Cardenas,Sigourney,M,Clg Simone de Beauvoir,5VE
Boyer,Ocean,F,Clg Simone de Beauvoir,5VE
Deleon,Hilary,F,Clg Simone de Beauvoir,5VE
Bishop,Maggie,F,Clg Simone de Beauvoir,5VE
Wells,Jin,M,Clg Simone de Beauvoir,5VE
Snow,Kadeem,M,Clg Simone de Beauvoir,5VE
Branch,Baxter,F,Clg Simone de Beauvoir,5VE
Atkinson,Walker,F,Clg Simone de Beauvoir,5VE
Shannon,Dacey,F,Clg Simone de Beauvoir,5VE
Heath,Medge,F,Clg Simone de Beauvoir,5VE
Giles,Zane,M,Clg Simone de Beauvoir,5VE
Justice,Glenna,M,Clg Simone de Beauvoir,5VE
Reed,Mark,F,Clg Simone de Beauvoir,5VE
Mcmillan,Sara,M,Clg Simone de Beauvoir,5VE
Robertson,Heidi,F,Clg Simone de Beauvoir,5VE
Duran,Ginger,F,Clg Simone de Beauvoir,5VE
Pope,Dorian,M,Clg Simone de Beauvoir,5VE
Erickson,Yoshio,M,Clg Simone de Beauvoir,5VE
Pope,Maia,F,Clg Simone de Beauvoir,5VE
Love,Raymond,F,Clg Simone de Beauvoir,5VE
Giles,Imani,M,Clg Simone de Beauvoir,5VE
Mcdonald,Kirby,M,Clg Simone de Beauvoir,5BR
Jefferson,Maile,M,Clg Simone de Beauvoir,5BR
Gutierrez,Jillian,M,Clg Simone de Beauvoir,5BR
Morris,Devin,F,Clg Simone de Beauvoir,5BR
Maynard,Carson,M,Clg Simone de Beauvoir,5BR
Chase,Alexandra,F,Clg Simone de Beauvoir,5BR
Pierce,Thaddeus,F,Clg Simone de Beauvoir,5BR
Andrews,Isaiah,M,Clg Simone de Beauvoir,5BR
Joyner,Carter,F,Clg Simone de Beauvoir,5BR
Day,Renee,F,Clg Simone de Beauvoir,5BR
Burris,Phillip,F,Clg Simone de Beauvoir,5BR
Orr,Alvin,M,Clg Simone de Beauvoir,5BR
Powers,Josephine,F,Clg Simone de Beauvoir,5BR
Silva,Dana,M,Clg Simone de Beauvoir,5BR
Hatfield,Abigail,F,Clg Simone de Beauvoir,5BR
Duncan,Ivor,M,Clg Simone de Beauvoir,5BR
Farley,Avram,F,Clg Simone de Beauvoir,5BR
Valdez,Pandora,M,Clg Simone de Beauvoir,5BR
Griffin,Elmo,F,Clg Simone de Beauvoir,5BR
Marquez,Karina,M,Clg Simone de Beauvoir,5BR
Carney,Bree,F,Clg Simone de Beauvoir,5BR
Cunningham,Maggy,F,Clg Simone de Beauvoir,5BR
Cline,Eaton,M,Clg Simone de Beauvoir,5BR
Hood,Ann,M,Clg Simone de Beauvoir,5BR
Hansen,Kennedy,F,Clg Simone de Beauvoir,5BR
Gill,Cathleen,F,Clg Simone de Beauvoir,5BR
Pitts,Ferdinand,F,Clg Simone de Beauvoir,5BR
Reeves,Fay,M,Clg Simone de Beauvoir,5BR
Hendrix,Shellie,F,Clg Simone de Beauvoir,5BR
Barlow,Zia,F,Clg Simone de Beauvoir,5BR
Malone,Leilani,F,Clg Simone de Beauvoir,4BL
Marshall,Dylan,F,Clg Simone de Beauvoir,4BL
Kramer,Cassidy,F,Clg Simone de Beauvoir,4BL
Mercado,Otto,M,Clg Simone de Beauvoir,4BL
Garza,Channing,F,Clg Simone de Beauvoir,4BL
Farrell,Wesley,F,Clg Simone de Beauvoir,4BL
Bernard,Chancellor,F,Clg Simone de Beauvoir,4BL
Maxwell,Yuri,M,Clg Simone de Beauvoir,4BL
Dale,Peter,M,Clg Simone de Beauvoir,4BL
Gray,Murphy,F,Clg Simone de Beauvoir,4BL
Villarreal,Portia,F,Clg Simone de Beauvoir,4BL
Vaughn,Tobias,F,Clg Simone de Beauvoir,4BL
Kaufman,Virginia,M,Clg Simone de Beauvoir,4BL
Wilson,George,M,Clg Simone de Beauvoir,4BL
Carlson,Fleur,F,Clg Simone de Beauvoir,4BL
Morris,Avram,F,Clg Simone de Beauvoir,4BL
Pickett,Yolanda,F,Clg Simone de Beauvoir,4BL
Aguirre,Kathleen,F,Clg Simone de Beauvoir,4BL
Bullock,Stephen,M,Clg Simone de Beauvoir,4BL
Atkins,Kennedy,F,Clg Simone de Beauvoir,4BL
Warner,Drake,M,Clg Simone de Beauvoir,4BL
Holloway,Hyatt,M,Clg Simone de Beauvoir,4BL
Palmer,Yoshio,M,Clg Simone de Beauvoir,4BL
Reeves,Peter,F,Clg Simone de Beauvoir,4BL
Bowman,Karina,F,Clg Simone de Beauvoir,4BL
Burch,Malik,M,Clg Simone de Beauvoir,4BL
Wilkinson,Whoopi,F,Clg Simone de Beauvoir,4BL
Lynn,Rana,M,Clg Simone de Beauvoir,4BL
Witt,Jordan,M,Clg Simone de Beauvoir,4BL
Wilder,Travis,F,Clg Simone de Beauvoir,4BL
Mitchell,Fulton,F,Clg Simone de Beauvoir,4CR
Wells,Todd,M,Clg Simone de Beauvoir,4CR
West,Basil,M,Clg Simone de Beauvoir,4CR
Donaldson,Bertha,F,Clg Simone de Beauvoir,4CR
Dillon,Howard,M,Clg Simone de Beauvoir,4CR
Lara,Maile,M,Clg Simone de Beauvoir,4CR
Anthony,Risa,F,Clg Simone de Beauvoir,4CR
Holmes,Belle,F,Clg Simone de Beauvoir,4CR
Munoz,Nero,M,Clg Simone de Beauvoir,4CR
Turner,Aphrodite,M,Clg Simone de Beauvoir,4CR
Leblanc,Bree,M,Clg Simone de Beauvoir,4CR
Estes,Cheryl,F,Clg Simone de Beauvoir,4CR
Henry,Len,F,Clg Simone de Beauvoir,4CR
Perry,Nayda,F,Clg Simone de Beauvoir,4CR
Palmer,Sylvester,M,Clg Simone de Beauvoir,4CR
Snyder,Elton,F,Clg Simone de Beauvoir,4CR
Snyder,Lamar,F,Clg Simone de Beauvoir,4CR
Velazquez,Honorato,M,Clg Simone de Beauvoir,4CR
Burris,Grady,F,Clg Simone de Beauvoir,4CR
Conner,Cameron,M,Clg Simone de Beauvoir,4CR
Atkinson,Wynne,M,Clg Simone de Beauvoir,4CR
Collier,Kibo,F,Clg Simone de Beauvoir,4CR
Mcneil,Dean,F,Clg Simone de Beauvoir,4CR
Crosby,Summer,F,Clg Simone de Beauvoir,4CR
Jensen,Xander,M,Clg Simone de Beauvoir,4CR
Norris,Jack,M,Clg Simone de Beauvoir,4CR
Wynn,May,M,Clg Simone de Beauvoir,4CR
Nicholson,Christopher,F,Clg Simone de Beauvoir,4CR
Kane,Dexter,M,Clg Simone de Beauvoir,4CR
Glass,Kenneth,M,Clg Simone de Beauvoir,4CR
Macias,Thaddeus,M,Clg Simone de Beauvoir,4DU
Vargas,Jermaine,F,Clg Simone de Beauvoir,4DU
Bauer,Malachi,F,Clg Simone de Beauvoir,4DU
Hayden,Leo,F,Clg Simone de Beauvoir,4DU
Armstrong,Hilda,M,Clg Simone de Beauvoir,4DU
Cameron,Kirk,M,Clg Simone de Beauvoir,4DU
Waters,Erich,F,Clg Simone de Beauvoir,4DU
Solomon,Kylan,F,Clg Simone de Beauvoir,4DU
Marquez,Minerva,F,Clg Simone de Beauvoir,4DU
Livingston,Colby,F,Clg Simone de Beauvoir,4DU
Bonner,Yuli,M,Clg Simone de Beauvoir,4DU
Blankenship,Kalia,M,Clg Simone de Beauvoir,4DU
Kent,Maris,M,Clg Simone de Beauvoir,4DU
Ball,Leslie,M,Clg Simone de Beauvoir,4DU
Hansen,Edan,M,Clg Simone de Beauvoir,4DU
Long,Avram,F,Clg Simone de Beauvoir,4DU
Clarke,Lars,M,Clg Simone de Beauvoir,4DU
Ferguson,Jasper,M,Clg Simone de Beauvoir,4DU
Rocha,Melyssa,M,Clg Simone de Beauvoir,4DU
Wagner,Amir,M,Clg Simone de Beauvoir,4DU
Mercer,Iris,F,Clg Simone de Beauvoir,4DU
Ayers,Mary,M,Clg Simone de Beauvoir,4DU
Rosa,Irene,M,Clg Simone de Beauvoir,4DU
Reid,Hilary,F,Clg Simone de Beauvoir,4DU
Dalton,Jillian,M,Clg Simone de Beauvoir,4DU
Marshall,Shellie,F,Clg Simone de Beauvoir,4DU
Mccarty,Lilah,M,Clg Simone de Beauvoir,4DU
Park,Alvin,F,Clg Simone de Beauvoir,4DU
Farrell,Kaseem,M,Clg Simone de Beauvoir,4DU
James,Garrett,M,Clg Simone de Beauvoir,4DU
Rodriquez,Talon,M,Clg Simone de Beauvoir,4SE
Jackson,Hyacinth,M,Clg Simone de Beauvoir,4SE
Stephenson,Damon,M,Clg Simone de Beauvoir,4SE
Solomon,Idola,F,Clg Simone de Beauvoir,4SE
Lopez,Sebastian,M,Clg Simone de Beauvoir,4SE
Peck,Zorita,F,Clg Simone de Beauvoir,4SE
Fitzpatrick,Perry,M,Clg Simone de Beauvoir,4SE
Henson,Baker,M,Clg Simone de Beauvoir,4SE
Santiago,Luke,M,Clg Simone de Beauvoir,4SE
Avery,Megan,F,Clg Simone de Beauvoir,4SE
Ballard,Cameron,F,Clg Simone de Beauvoir,4SE
Flowers,Carissa,M,Clg Simone de Beauvoir,4SE
Hancock,Quentin,F,Clg Simone de Beauvoir,4SE
Sweeney,Lysandra,M,Clg Simone de Beauvoir,4SE
Fowler,Adele,M,Clg Simone de Beauvoir,4SE
Faulkner,Chester,M,Clg Simone de Beauvoir,4SE
Sawyer,Charles,M,Clg Simone de Beauvoir,4SE
Ellison,Lani,M,Clg Simone de Beauvoir,4SE
Blair,Aidan,M,Clg Simone de Beauvoir,4SE
Whitehead,Castor,M,Clg Simone de Beauvoir,4SE
Whitaker,Patrick,F,Clg Simone de Beauvoir,4SE
Stark,Edan,F,Clg Simone de Beauvoir,4SE
Larsen,Dillon,F,Clg Simone de Beauvoir,4SE
Reeves,Susan,M,Clg Simone de Beauvoir,4SE
Maxwell,Gannon,M,Clg Simone de Beauvoir,4SE
Taylor,Chloe,F,Clg Simone de Beauvoir,4SE
Phelps,Kirk,M,Clg Simone de Beauvoir,4SE
Thompson,Christen,M,Clg Simone de Beauvoir,4SE
Macdonald,Dolan,M,Clg Simone de Beauvoir,4SE
Garcia,Jesse,F,Clg Simone de Beauvoir,4SE
Landry,Isadora,M,Clg Simone de Beauvoir,4MA
Farley,Signe,F,Clg Simone de Beauvoir,4MA
Doyle,Ray,M,Clg Simone de Beauvoir,4MA
Stout,Cynthia,M,Clg Simone de Beauvoir,4MA
Rutledge,Fuller,M,Clg Simone de Beauvoir,4MA
Gibbs,Devin,F,Clg Simone de Beauvoir,4MA
Osborne,Abraham,M,Clg Simone de Beauvoir,4MA
Clayton,Daphne,F,Clg Simone de Beauvoir,4MA
Lott,Phillip,F,Clg Simone de Beauvoir,4MA
Ward,Stacy,M,Clg Simone de Beauvoir,4MA
Hale,Brody,F,Clg Simone de Beauvoir,4MA
Levy,Nathan,F,Clg Simone de Beauvoir,4MA
Murphy,Cruz,F,Clg Simone de Beauvoir,4MA
Gordon,Dane,F,Clg Simone de Beauvoir,4MA
Erickson,Mannix,M,Clg Simone de Beauvoir,4MA
Pacheco,Rana,M,Clg Simone de Beauvoir,4MA
Best,Cade,F,Clg Simone de Beauvoir,4MA
Saunders,Ifeoma,F,Clg Simone de Beauvoir,4MA
Neal,Baxter,F,Clg Simone de Beauvoir,4MA
Walker,Quyn,M,Clg Simone de Beauvoir,4MA
Lane,Mechelle,F,Clg Simone de Beauvoir,4MA
Carlson,Ahmed,M,Clg Simone de Beauvoir,4MA
Nunez,Colton,M,Clg Simone de Beauvoir,4MA
Horn,Mufutau,F,Clg Simone de Beauvoir,4MA
Lee,Talon,F,Clg Simone de Beauvoir,4MA
Livingston,Sophia,M,Clg Simone de Beauvoir,4MA
Mcintyre,Sigourney,F,Clg Simone de Beauvoir,4MA
Simpson,Branden,F,Clg Simone de Beauvoir,4MA
Mitchell,Sonya,F,Clg Simone de Beauvoir,4MA
French,Florence,M,Clg Simone de Beauvoir,4MA
Herman,Marah,F,Clg Simone de Beauvoir,3GB
Cobb,Kamal,M,Clg Simone de Beauvoir,3GB
Rivera,Austin,F,Clg Simone de Beauvoir,3GB
Rosario,Reuben,F,Clg Simone de Beauvoir,3GB
Clayton,Aladdin,M,Clg Simone de Beauvoir,3GB
Hill,Joelle,M,Clg Simone de Beauvoir,3GB
Peterson,Bryar,M,Clg Simone de Beauvoir,3GB
Atkinson,Clare,F,Clg Simone de Beauvoir,3GB
Maddox,August,F,Clg Simone de Beauvoir,3GB
Harper,Thor,M,Clg Simone de Beauvoir,3GB
Bender,Xanthus,F,Clg Simone de Beauvoir,3GB
Nichols,Otto,M,Clg Simone de Beauvoir,3GB
Frost,Mari,M,Clg Simone de Beauvoir,3GB
Dennis,Oleg,F,Clg Simone de Beauvoir,3GB
Duran,Bradley,F,Clg Simone de Beauvoir,3GB
Rivas,Sierra,M,Clg Simone de Beauvoir,3GB
Strickland,Kevin,F,Clg Simone de Beauvoir,3GB
Washington,Jordan,F,Clg Simone de Beauvoir,3GB
Gardner,Kato,F,Clg Simone de Beauvoir,3GB
Carney,Kevyn,F,Clg Simone de Beauvoir,3GB
Sullivan,Hanae,F,Clg Simone de Beauvoir,3GB
Vance,Melyssa,F,Clg Simone de Beauvoir,3GB
Jefferson,Ryder,M,Clg Simone de Beauvoir,3GB
Gardner,Caesar,F,Clg Simone de Beauvoir,3GB
Lowe,Lucas,F,Clg Simone de Beauvoir,3GB
Torres,Anne,M,Clg Simone de Beauvoir,3GB
Cotton,Barbara,M,Clg Simone de Beauvoir,3GB
Woodard,Felix,M,Clg Simone de Beauvoir,3GB
Carver,Sylvester,M,Clg Simone de Beauvoir,3GB
Parrish,Alvin,F,Clg Simone de Beauvoir,3GB
Rollins,David,F,Clg Simone de Beauvoir,3RD
Winters,Channing,F,Clg Simone de Beauvoir,3RD
Aguirre,Dane,M,Clg Simone de Beauvoir,3RD
Campbell,Hyatt,F,Clg Simone de Beauvoir,3RD
Guerra,Brian,M,Clg Simone de Beauvoir,3RD
Moss,Daria,F,Clg Simone de Beauvoir,3RD
Hall,Uta,M,Clg Simone de Beauvoir,3RD
Vance,Isabella,F,Clg Simone de Beauvoir,3RD
Baxter,Kai,F,Clg Simone de Beauvoir,3RD
English,Sage,F,Clg Simone de Beauvoir,3RD
Camacho,Roanna,M,Clg Simone de Beauvoir,3RD
Drake,Steven,F,Clg Simone de Beauvoir,3RD
Jimenez,Gage,F,Clg Simone de Beauvoir,3RD
Webb,Giacomo,F,Clg Simone de Beauvoir,3RD
Roberson,Michelle,F,Clg Simone de Beauvoir,3RD
Meadows,Indigo,M,Clg Simone de Beauvoir,3RD
Sargent,Amal,F,Clg Simone de Beauvoir,3RD
Davenport,Ezekiel,M,Clg Simone de Beauvoir,3RD
Holder,Omar,F,Clg Simone de Beauvoir,3RD
Townsend,Driscoll,M,Clg Simone de Beauvoir,3RD
Frank,Carla,M,Clg Simone de Beauvoir,3RD
Rasmussen,Shoshana,M,Clg Simone de Beauvoir,3RD
Yang,Malachi,F,Clg Simone de Beauvoir,3RD
Guzman,Gloria,F,Clg Simone de Beauvoir,3RD
Leach,Urielle,F,Clg Simone de Beauvoir,3RD
Nieves,Helen,M,Clg Simone de Beauvoir,3RD
Mclaughlin,Griffin,F,Clg Simone de Beauvoir,3RD
Calhoun,Finn,M,Clg Simone de Beauvoir,3RD
Warner,Martha,M,Clg Simone de Beauvoir,3RD
Cruz,Porter,F,Clg Simone de Beauvoir,3RD
Fuller,Yardley,M,Clg Simone de Beauvoir,3CI
Russell,Gisela,M,Clg Simone de Beauvoir,3CI
Beard,Price,M,Clg Simone de Beauvoir,3CI
Hunter,Austin,F,Clg Simone de Beauvoir,3CI
Ratliff,Slade,M,Clg Simone de Beauvoir,3CI
Rodriquez,Phoebe,F,Clg Simone de Beauvoir,3CI
Walker,Blaine,M,Clg Simone de Beauvoir,3CI
Mack,Lee,M,Clg Simone de Beauvoir,3CI
Carson,Wang,M,Clg Simone de Beauvoir,3CI
Osborne,Melodie,M,Clg Simone de Beauvoir,3CI
Mcdowell,Flynn,F,Clg Simone de Beauvoir,3CI
Hess,Kasimir,F,Clg Simone de Beauvoir,3CI
Walter,Brianna,M,Clg Simone de Beauvoir,3CI
Morales,Jerome,M,Clg Simone de Beauvoir,3CI
Nguyen,Rana,F,Clg Simone de Beauvoir,3CI
Chang,Colton,M,Clg Simone de Beauvoir,3CI
Ware,Lee,F,Clg Simone de Beauvoir,3CI
Herman,Howard,F,Clg Simone de Beauvoir,3CI
Emerson,Madeline,F,Clg Simone de Beauvoir,3CI
Cain,Sloane,F,Clg Simone de Beauvoir,3CI
Ward,Iona,F,Clg Simone de Beauvoir,3CI
Baker,Kellie,F,Clg Simone de Beauvoir,3CI
Callahan,Kaye,F,Clg Simone de Beauvoir,3CI
Fields,Teegan,F,Clg Simone de Beauvoir,3CI
Forbes,Micah,M,Clg Simone de Beauvoir,3CI
Fischer,Iris,F,Clg Simone de Beauvoir,3CI
Garrett,Rajah,M,Clg Simone de Beauvoir,3CI
Snider,Lars,M,Clg Simone de Beauvoir,3CI
Craft,Jarrod,F,Clg Simone de Beauvoir,3CI
Avery,Dolan,M,Clg Simone de Beauvoir,3CI
Moore,Cally,M,Clg Simone de Beauvoir,3BE
Hawkins,Cailin,F,Clg Simone de Beauvoir,3BE
Kim,Velma,M,Clg Simone de Beauvoir,3BE
Marshall,Kristen,F,Clg Simone de Beauvoir,3BE
Carr,Kareem,M,Clg Simone de Beauvoir,3BE
Henry,Aileen,M,Clg Simone de Beauvoir,3BE
Chavez,Hakeem,M,Clg Simone de Beauvoir,3BE
Padilla,Jillian,M,Clg Simone de Beauvoir,3BE
Finch,Arthur,M,Clg Simone de Beauvoir,3BE
Solis,Murphy,M,Clg Simone de Beauvoir,3BE
Hammond,Sharon,F,Clg Simone de Beauvoir,3BE
Reed,Ginger,M,Clg Simone de Beauvoir,3BE
Paul,Azalia,F,Clg Simone de Beauvoir,3BE
Lang,Boris,M,Clg Simone de Beauvoir,3BE
Winters,Anthony,F,Clg Simone de Beauvoir,3BE
Stephenson,Britanni,M,Clg Simone de Beauvoir,3BE
Bullock,Astra,M,Clg Simone de Beauvoir,3BE
Turner,Alden,F,Clg Simone de Beauvoir,3BE
Bond,Len,F,Clg Simone de Beauvoir,3BE
Walter,Clio,M,Clg Simone de Beauvoir,3BE
Collins,Eaton,M,Clg Simone de Beauvoir,3BE
Payne,Risa,F,Clg Simone de Beauvoir,3BE
Shields,May,M,Clg Simone de Beauvoir,3BE
Farley,Jana,F,Clg Simone de Beauvoir,3BE
Sawyer,Hakeem,M,Clg Simone de Beauvoir,3BE
West,Roanna,F,Clg Simone de Beauvoir,3BE
Wilson,Mufutau,F,Clg Simone de Beauvoir,3BE
Melendez,Dahlia,M,Clg Simone de Beauvoir,3BE
Browning,Talon,F,Clg Simone de Beauvoir,3BE
Wilder,Lydia,F,Clg Simone de Beauvoir,3BE
Sweet,Blake,F,Clg Simone de Beauvoir,3TR
Hicks,Dara,F,Clg Simone de Beauvoir,3TR
Bean,Uma,M,Clg Simone de Beauvoir,3TR
Hinton,Garth,F,Clg Simone de Beauvoir,3TR
Pacheco,Connor,M,Clg Simone de Beauvoir,3TR
Holloway,Amena,F,Clg Simone de Beauvoir,3TR
White,Nissim,M,Clg Simone de Beauvoir,3TR
Welch,Melinda,F,Clg Simone de Beauvoir,3TR
Chandler,Prescott,M,Clg Simone de Beauvoir,3TR
Hodge,Stuart,M,Clg Simone de Beauvoir,3TR
Long,Flavia,M,Clg Simone de Beauvoir,3TR
Macias,Kuame,M,Clg Simone de Beauvoir,3TR
Moore,Nathaniel,F,Clg Simone de Beauvoir,3TR
Brown,Grady,F,Clg Simone de Beauvoir,3TR
Keith,Davis,F,Clg Simone de Beauvoir,3TR
Morin,Wesley,F,Clg Simone de Beauvoir,3TR
Fleming,Brennan,F,Clg Simone de Beauvoir,3TR
Olsen,Cherokee,M,Clg Simone de Beauvoir,3TR
Valentine,Herman,M,Clg Simone de Beauvoir,3TR
Gonzalez,Kenyon,M,Clg Simone de Beauvoir,3TR
Snyder,Brock,M,Clg Simone de Beauvoir,3TR
Burke,Tallulah,F,Clg Simone de Beauvoir,3TR
Roman,Keely,M,Clg Simone de Beauvoir,3TR
Dudley,Maite,F,Clg Simone de Beauvoir,3TR
Bentley,Hedley,F,Clg Simone de Beauvoir,3TR
Maynard,Nissim,F,Clg Simone de Beauvoir,3TR
Richards,Cameron,M,Clg Simone de Beauvoir,3TR
Curtis,Troy,M,Clg Simone de Beauvoir,3TR
Figueroa,Xandra,F,Clg Simone de Beauvoir,3TR
Wiley,McKenzie,M,Clg Simone de Beauvoir,3TR
Pratt,Keegan,M,Clg Jacques Prévert,6A
Cunningham,Hope,M,Clg Jacques Prévert,6A
Sheppard,Julie,F,Clg Jacques Prévert,6A
Cote,Ima,F,Clg Jacques Prévert,6A
Bradford,Chaney,M,Clg Jacques Prévert,6A
Steele,Branden,F,Clg Jacques Prévert,6A
Fletcher,Hiram,M,Clg Jacques Prévert,6A
Madden,Odysseus,F,Clg Jacques Prévert,6A
Griffith,Erich,F,Clg Jacques Prévert,6A
Acosta,Stephen,F,Clg Jacques Prévert,6A
Mcleod,Naida,F,Clg Jacques Prévert,6A
Hart,Chadwick,M,Clg Jacques Prévert,6A
Beck,Eden,M,Clg Jacques Prévert,6A
Alford,Amery,F,Clg Jacques Prévert,6A
Stephens,Kitra,F,Clg Jacques Prévert,6A
Leon,Zorita,F,Clg Jacques Prévert,6A
Mcdonald,Stephen,F,Clg Jacques Prévert,6A
Gregory,Jane,M,Clg Jacques Prévert,6A
Morales,Eliana,M,Clg Jacques Prévert,6A
Wagner,Hanna,M,Clg Jacques Prévert,6A
Ballard,Lilah,F,Clg Jacques Prévert,6A
Lane,Scarlet,F,Clg Jacques Prévert,6A
Talley,Illiana,F,Clg Jacques Prévert,6A
Gallagher,Madison,M,Clg Jacques Prévert,6A
Schmidt,Guinevere,M,Clg Jacques Prévert,6A
Potter,Rebecca,M,Clg Jacques Prévert,6A
Ellison,Justine,M,Clg Jacques Prévert,6A
Bass,Deacon,F,Clg Jacques Prévert,6A
Navarro,Hayes,F,Clg Jacques Prévert,6A
Fernandez,Keiko,F,Clg Jacques Prévert,6A
Owens,Christian,M,Clg Jacques Prévert,6B
Decker,Sopoline,F,Clg Jacques Prévert,6B
Patton,Dean,F,Clg Jacques Prévert,6B
Douglas,Malachi,M,Clg Jacques Prévert,6B
Pate,Reese,M,Clg Jacques Prévert,6B
Hoffman,Halee,F,Clg Jacques Prévert,6B
Wagner,Kareem,M,Clg Jacques Prévert,6B
Blackburn,Rhona,F,Clg Jacques Prévert,6B
Fuller,Riley,F,Clg Jacques Prévert,6B
Yang,Lillian,F,Clg Jacques Prévert,6B
Daugherty,Abel,F,Clg Jacques Prévert,6B
Doyle,Rhoda,F,Clg Jacques Prévert,6B
Delgado,Orson,F,Clg Jacques Prévert,6B
Kramer,Grant,M,Clg Jacques Prévert,6B
Richardson,Lara,M,Clg Jacques Prévert,6B
Stout,Francis,M,Clg Jacques Prévert,6B
Hopper,Zenaida,M,Clg Jacques Prévert,6B
Poole,Jerry,F,Clg Jacques Prévert,6B
Obrien,Alexis,F,Clg Jacques Prévert,6B
Poole,Meredith,F,Clg Jacques Prévert,6B
Beach,Devin,F,Clg Jacques Prévert,6B
Sanford,Yvette,M,Clg Jacques Prévert,6B
Byers,Amaya,F,Clg Jacques Prévert,6B
Morton,Clare,F,Clg Jacques Prévert,6B
Perry,Cadman,M,Clg Jacques Prévert,6B
Cross,Chiquita,F,Clg Jacques Prévert,6B
Mathis,Emery,F,Clg Jacques Prévert,6B
Cain,Guinevere,M,Clg Jacques Prévert,6B
Farmer,Amity,M,Clg Jacques Prévert,6B
Espinoza,Paula,F,Clg Jacques Prévert,6B
Reese,Ruth,F,Clg Jacques Prévert,6C
Mosley,Linda,M,Clg Jacques Prévert,6C
Lane,Zephania,F,Clg Jacques Prévert,6C
Cash,Igor,M,Clg Jacques Prévert,6C
Moore,Wyatt,F,Clg Jacques Prévert,6C
Weber,Colton,F,Clg Jacques Prévert,6C
Maxwell,Sylvester,M,Clg Jacques Prévert,6C
Fuentes,Inez,M,Clg Jacques Prévert,6C
Warner,Candice,M,Clg Jacques Prévert,6C
Le,Tobias,F,Clg Jacques Prévert,6C
Langley,Rogan,M,Clg Jacques Prévert,6C
Haney,Gage,F,Clg Jacques Prévert,6C
Glover,Tatum,F,Clg Jacques Prévert,6C
Gibbs,Hadley,M,Clg Jacques Prévert,6C
Carlson,Clark,F,Clg Jacques Prévert,6C
Mccullough,Rose,F,Clg Jacques Prévert,6C
Pennington,Lesley,M,Clg Jacques Prévert,6C
Holden,Amber,F,Clg Jacques Prévert,6C
Carr,Callum,M,Clg Jacques Prévert,6C
Farmer,Keiko,M,Clg Jacques Prévert,6C
Brown,Burke,F,Clg Jacques Prévert,6C
Burke,Quemby,M,Clg Jacques Prévert,6C
Guerra,Gail,M,Clg Jacques Prévert,6C
Noel,Dane,F,Clg Jacques Prévert,6C
Massey,Joelle,M,Clg Jacques Prévert,6C
Smith,Rylee,F,Clg Jacques Prévert,6C
Pickett,Curran,M,Clg Jacques Prévert,6C
Livingston,Dara,M,Clg Jacques Prévert,6C
Rutledge,Barrett,F,Clg Jacques Prévert,5A
Ball,Jada,F,Clg Jacques Prévert,5A
Burgess,Dalton,M,Clg Jacques Prévert,5A
Miranda,Dane,F,Clg Jacques Prévert,5A
Montgomery,Paloma,M,Clg Jacques Prévert,5A
Hanson,Zorita,F,Clg Jacques Prévert,5A
Bullock,Brenden,M,Clg Jacques Prévert,5A
Stafford,Nehru,M,Clg Jacques Prévert,5A
Zimmerman,Ina,M,Clg Jacques Prévert,5A
Tanner,Nichole,F,Clg Jacques Prévert,5A
Sharpe,Ayanna,M,Clg Jacques Prévert,5A
Gates,Kyle,M,Clg Jacques Prévert,5A
Boyd,Palmer,F,Clg Jacques Prévert,5A
Mcclure,Margaret,M,Clg Jacques Prévert,5A
Ayala,Raya,M,Clg Jacques Prévert,5A
Hopkins,Kirestin,M,Clg Jacques Prévert,5A
Jones,Cynthia,F,Clg Jacques Prévert,5A
Savage,Jana,F,Clg Jacques Prévert,5A
Beasley,Beau,F,Clg Jacques Prévert,5A
Walters,Tatiana,M,Clg Jacques Prévert,5A
Mueller,Thor,M,Clg Jacques Prévert,5A
Gomez,Ashton,F,Clg Jacques Prévert,5A
Rush,Aristotle,F,Clg Jacques Prévert,5A
Farmer,Tiger,F,Clg Jacques Prévert,5A
Mays,Graiden,M,Clg Jacques Prévert,5A
Jordan,Herman,M,Clg Jacques Prévert,5A
Zimmerman,Alika,F,Clg Jacques Prévert,5A
Foreman,Forrest,M,Clg Jacques Prévert,5A
Boyle,Kelly,M,Clg Jacques Prévert,5A
Ballard,Tashya,F,Clg Jacques Prévert,5A
Booker,Dalton,M,Clg Jacques Prévert,5B
Fitzgerald,Velma,M,Clg Jacques Prévert,5B
Pruitt,Amery,F,Clg Jacques Prévert,5B
Waters,Kimberley,F,Clg Jacques Prévert,5B
Booth,Illana,F,Clg Jacques Prévert,5B
Noble,Adara,M,Clg Jacques Prévert,5B
Miller,Eliana,M,Clg Jacques Prévert,5B
Barr,Halla,M,Clg Jacques Prévert,5B
Espinoza,Ali,M,Clg Jacques Prévert,5B
Dennis,Nasim,M,Clg Jacques Prévert,5B
Petersen,Germane,M,Clg Jacques Prévert,5B
Carter,Dillon,F,Clg Jacques Prévert,5B
Larson,Blair,F,Clg Jacques Prévert,5B
Randolph,Jamal,F,Clg Jacques Prévert,5B
Finch,Dustin,M,Clg Jacques Prévert,5B
Buchanan,Aristotle,M,Clg Jacques Prévert,5B
Mathis,Shea,F,Clg Jacques Prévert,5B
Stephenson,Ariana,M,Clg Jacques Prévert,5B
Wong,Paula,F,Clg Jacques Prévert,5B
Cameron,Cameron,M,Clg Jacques Prévert,5B
Hudson,Stella,M,Clg Jacques Prévert,5B
Rodriguez,Anastasia,F,Clg Jacques Prévert,5B
Estrada,Noelle,M,Clg Jacques Prévert,5B
Wilkerson,Zena,F,Clg Jacques Prévert,5B
Myers,Gil,F,Clg Jacques Prévert,5B
Henderson,Palmer,M,Clg Jacques Prévert,5B
Thompson,Trevor,M,Clg Jacques Prévert,5B
Ochoa,Gage,F,Clg Jacques Prévert,5B
Strickland,Michelle,M,Clg Jacques Prévert,5B
Kirkland,Ashely,M,Clg Jacques Prévert,5B
Nash,Casey,F,Clg Jacques Prévert,5C
Mendez,Bertha,F,Clg Jacques Prévert,5C
Rios,Ruby,M,Clg Jacques Prévert,5C
Whitfield,Orla,M,Clg Jacques Prévert,5C
Miranda,Galvin,M,Clg Jacques Prévert,5C
Ballard,Wade,F,Clg Jacques Prévert,5C
Stark,Heather,M,Clg Jacques Prévert,5C
Greer,Ray,M,Clg Jacques Prévert,5C
Gould,Adara,F,Clg Jacques Prévert,5C
Atkinson,Tarik,F,Clg Jacques Prévert,5C
Pace,Solomon,M,Clg Jacques Prévert,5C
Byers,Georgia,F,Clg Jacques Prévert,5C
Sampson,Gareth,M,Clg Jacques Prévert,5C
Sutton,Tucker,F,Clg Jacques Prévert,5C
Douglas,Alden,F,Clg Jacques Prévert,5C
Joseph,Claudia,M,Clg Jacques Prévert,5C
Peck,Sade,F,Clg Jacques Prévert,5C
Emerson,Barry,M,Clg Jacques Prévert,5C
Morse,Hamish,M,Clg Jacques Prévert,5C
Lancaster,Courtney,M,Clg Jacques Prévert,5C
Harmon,Dora,F,Clg Jacques Prévert,5C
Miranda,Lara,M,Clg Jacques Prévert,5C
Kelly,April,M,Clg Jacques Prévert,5C
Riggs,Jillian,M,Clg Jacques Prévert,5C
Lindsey,Derek,M,Clg Jacques Prévert,5C
Bonner,Cameron,F,Clg Jacques Prévert,5C
Morton,Thane,M,Clg Jacques Prévert,5C
Cole,Paki,F,Clg Jacques Prévert,5C
Aguirre,Malik,M,Clg Jacques Prévert,4A
Dunlap,Odysseus,F,Clg Jacques Prévert,4A
French,Joel,M,Clg Jacques Prévert,4A
Holman,Beau,F,Clg Jacques Prévert,4A
Wilson,Igor,M,Clg Jacques Prévert,4A
Buck,Brynn,M,Clg Jacques Prévert,4A
Stout,Jonah,M,Clg Jacques Prévert,4A
Griffin,Isabella,F,Clg Jacques Prévert,4A
Dillard,Rose,M,Clg Jacques Prévert,4A
Guerra,Shoshana,F,Clg Jacques Prévert,4A
Adkins,Xander,M,Clg Jacques Prévert,4A
Collier,Oren,F,Clg Jacques Prévert,4A
Horne,Edan,M,Clg Jacques Prévert,4A
Goff,Cruz,M,Clg Jacques Prévert,4A
Sherman,Keefe,M,Clg Jacques Prévert,4A
Glover,Lisandra,M,Clg Jacques Prévert,4A
Ferrell,Martena,F,Clg Jacques Prévert,4A
Anthony,Danielle,M,Clg Jacques Prévert,4A
Harrington,Oscar,M,Clg Jacques Prévert,4A
Barrett,Connor,M,Clg Jacques Prévert,4A
Powell,Cleo,M,Clg Jacques Prévert,4A
Yates,Liberty,F,Clg Jacques Prévert,4A
Weeks,Sydnee,M,Clg Jacques Prévert,4A
Hoover,Steel,F,Clg Jacques Prévert,4A
Tate,Harper,M,Clg Jacques Prévert,4A
Battle,Ifeoma,F,Clg Jacques Prévert,4A
Kaufman,Vance,M,Clg Jacques Prévert,4A
Byrd,Eagan,F,Clg Jacques Prévert,4A
Sears,Uta,F,Clg Jacques Prévert,4A
Hawkins,Lawrence,M,Clg Jacques Prévert,4A
Gross,Stone,F,Clg Jacques Prévert,4B
Bryant,Armando,F,Clg Jacques Prévert,4B
Barton,TaShya,M,Clg Jacques Prévert,4B
Francis,Anjolie,F,Clg Jacques Prévert,4B
Hancock,Jemima,M,Clg Jacques Prévert,4B
Mendoza,Derek,M,Clg Jacques Prévert,4B
Powell,Bradley,F,Clg Jacques Prévert,4B
Simmons,Robin,M,Clg Jacques Prévert,4B
Irwin,Jesse,F,Clg Jacques Prévert,4B
Grant,Ingrid,F,Clg Jacques Prévert,4B
Norton,Aristotle,F,Clg Jacques Prévert,4B
Obrien,Jelani,F,Clg Jacques Prévert,4B
Brooks,Sopoline,F,Clg Jacques Prévert,4B
Vance,Nerea,M,Clg Jacques Prévert,4B
Burns,Kai,F,Clg Jacques Prévert,4B
Cleveland,Dale,M,Clg Jacques Prévert,4B
Hahn,Blythe,M,Clg Jacques Prévert,4B
Walton,Hilel,M,Clg Jacques Prévert,4B
Gilliam,Faith,M,Clg Jacques Prévert,4B
Obrien,Uriah,M,Clg Jacques Prévert,4B
Waters,Samuel,F,Clg Jacques Prévert,4B
Salas,Phillip,M,Clg Jacques Prévert,4B
Murphy,Raymond,M,Clg Jacques Prévert,4B
Mckay,Thor,F,Clg Jacques Prévert,4B
West,Edward,F,Clg Jacques Prévert,4B
Madden,Lars,M,Clg Jacques Prévert,4B
Nolan,Shannon,M,Clg Jacques Prévert,4B
Caldwell,TaShya,F,Clg Jacques Prévert,4B
Flowers,Rae,M,Clg Jacques Prévert,4B
Robertson,Melanie,F,Clg Jacques Prévert,4B
Park,Marah,F,Clg Jacques Prévert,4C
Leonard,Allistair,M,Clg Jacques Prévert,4C
Chaney,Roary,F,Clg Jacques Prévert,4C
Hawkins,Mikayla,M,Clg Jacques Prévert,4C
Steele,Hilary,M,Clg Jacques Prévert,4C
Beasley,Ashton,M,Clg Jacques Prévert,4C
Pitts,Mechelle,M,Clg Jacques Prévert,4C
Bryan,Alice,M,Clg Jacques Prévert,4C
Bond,Salvador,M,Clg Jacques Prévert,4C
Sosa,Caesar,F,Clg Jacques Prévert,4C
Mayo,September,M,Clg Jacques Prévert,4C
Lawson,Xavier,M,Clg Jacques Prévert,4C
Hartman,Thaddeus,F,Clg Jacques Prévert,4C
Shepherd,Germane,M,Clg Jacques Prévert,4C
Holt,Pandora,F,Clg Jacques Prévert,4C
Montoya,Yuri,M,Clg Jacques Prévert,4C
Blair,Zelenia,M,Clg Jacques Prévert,4C
Odom,Madeson,M,Clg Jacques Prévert,4C
Rogers,Rhona,M,Clg Jacques Prévert,4C
Zamora,Aidan,F,Clg Jacques Prévert,4C
Brown,Lillian,M,Clg Jacques Prévert,4C
Walsh,Rae,M,Clg Jacques Prévert,4C
Owens,Aretha,F,Clg Jacques Prévert,4C
Jefferson,Sloane,M,Clg Jacques Prévert,4C
Stout,Wayne,M,Clg Jacques Prévert,4C
Erickson,Dai,M,Clg Jacques Prévert,4C
Mccray,Drew,M,Clg Jacques Prévert,4C
Snyder,Murphy,M,Clg Jacques Prévert,4C
Clark,Alan,F,Clg Jacques Prévert,3A
Mitchell,Tyler,F,Clg Jacques Prévert,3A
Weeks,Mari,F,Clg Jacques Prévert,3A
Rocha,Igor,M,Clg Jacques Prévert,3A
Gross,Ursula,M,Clg Jacques Prévert,3A
Shepherd,Calvin,F,Clg Jacques Prévert,3A
Montgomery,Upton,F,Clg Jacques Prévert,3A
Alvarado,Finn,F,Clg Jacques Prévert,3A
Shaw,Evan,F,Clg Jacques Prévert,3A
Grimes,Rafael,M,Clg Jacques Prévert,3A
Mosley,Tana,F,Clg Jacques Prévert,3A
Fitzgerald,Juliet,M,Clg Jacques Prévert,3A
Stuart,Nicole,F,Clg Jacques Prévert,3A
Bernard,Uriel,M,Clg Jacques Prévert,3A
Solis,Dominique,M,Clg Jacques Prévert,3A
Burch,Larissa,M,Clg Jacques Prévert,3A
Koch,Lance,F,Clg Jacques Prévert,3A
Bentley,Thaddeus,M,Clg Jacques Prévert,3A
Rice,Sage,F,Clg Jacques Prévert,3A
Henderson,Anthony,M,Clg Jacques Prévert,3A
Johnson,Rebekah,F,Clg Jacques Prévert,3A
Clark,Benjamin,M,Clg Jacques Prévert,3A
Mcclure,Patience,M,Clg Jacques Prévert,3A
Henson,Patricia,F,Clg Jacques Prévert,3A
Mcdonald,Josiah,M,Clg Jacques Prévert,3A
Benson,Cyrus,M,Clg Jacques Prévert,3A
Shepard,Elliott,M,Clg Jacques Prévert,3A
Schroeder,Hayfa,M,Clg Jacques Prévert,3A
Roman,Lee,M,Clg Jacques Prévert,3A
Emerson,Meghan,F,Clg Jacques Prévert,3A
Barber,Hamilton,F,Clg Jacques Prévert,3A
Hyde,Aristotle,M,Clg Jacques Prévert,3B
Poole,Ora,M,Clg Jacques Prévert,3B
Compton,Nolan,F,Clg Jacques Prévert,3B
Harper,Melinda,M,Clg Jacques Prévert,3B
Mullins,Winifred,F,Clg Jacques Prévert,3B
Whitfield,Bree,M,Clg Jacques Prévert,3B
Cabrera,Amaya,F,Clg Jacques Prévert,3B
Bolton,Richard,F,Clg Jacques Prévert,3B
Walsh,Irma,M,Clg Jacques Prévert,3B
Riddle,Coby,M,Clg Jacques Prévert,3B
Valdez,Cara,F,Clg Jacques Prévert,3B
Giles,Buffy,F,Clg Jacques Prévert,3B
Tate,Timothy,M,Clg Jacques Prévert,3B
Carney,Carson,F,Clg Jacques Prévert,3B
Mcintyre,Neville,F,Clg Jacques Prévert,3B
Houston,Josiah,F,Clg Jacques Prévert,3B
Haney,Jamal,F,Clg Jacques Prévert,3B
Klein,Heidi,M,Clg Jacques Prévert,3B
Russell,Imogene,F,Clg Jacques Prévert,3B
Steele,Nadine,F,Clg Jacques Prévert,3B
Howe,Tarik,M,Clg Jacques Prévert,3B
Goodwin,Austin,M,Clg Jacques Prévert,3B
Henson,Perry,F,Clg Jacques Prévert,3B
Farley,Brendan,F,Clg Jacques Prévert,3B
Maynard,Ifeoma,F,Clg Jacques Prévert,3B
Witt,Jakeem,F,Clg Jacques Prévert,3B
Melendez,Scarlet,F,Clg Jacques Prévert,3B
Cantu,Sonia,F,Clg Jacques Prévert,3B
Holmes,Dorian,F,Clg Jacques Prévert,3B
Contreras,Wesley,F,Clg Jacques Prévert,3B
Kane,Fulton,F,Clg Jacques Prévert,3C
Sanchez,Richard,M,Clg Jacques Prévert,3C
Mercer,Cairo,M,Clg Jacques Prévert,3C
Lambert,Lionel,M,Clg Jacques Prévert,3C
Mckay,Nicole,F,Clg Jacques Prévert,3C
Keith,Aretha,M,Clg Jacques Prévert,3C
Patton,Bertha,F,Clg Jacques Prévert,3C
Atkins,Lila,F,Clg Jacques Prévert,3C
Hobbs,Olympia,F,Clg Jacques Prévert,3C
Kemp,Seth,F,Clg Jacques Prévert,3C
Arnold,Brett,F,Clg Jacques Prévert,3C
Hardy,Kirby,M,Clg Jacques Prévert,3C
Lott,Bryar,F,Clg Jacques Prévert,3C
Pennington,Doris,M,Clg Jacques Prévert,3C
Mayo,Cairo,M,Clg Jacques Prévert,3C
Acevedo,Regina,M,Clg Jacques Prévert,3C
Blevins,Keith,M,Clg Jacques Prévert,3C
Oneil,Jeremy,M,Clg Jacques Prévert,3C
Best,Evangeline,F,Clg Jacques Prévert,3C
Ray,Hillary,M,Clg Jacques Prévert,3C
Espinoza,Declan,M,Clg Jacques Prévert,3C
Dudley,Dolan,F,Clg Jacques Prévert,3C
Maldonado,Justina,F,Clg Jacques Prévert,3C
Whitehead,Leonard,F,Clg Jacques Prévert,3C
Phelps,Cameron,F,Clg Jacques Prévert,3C
Durham,Fletcher,F,Clg Jean Monnet,6°1
Maldonado,Sylvia,F,Clg Jean Monnet,6°1
Carpenter,Jane,F,Clg Jean Monnet,6°1
Dotson,Robert,M,Clg Jean Monnet,6°1
Melendez,Carter,M,Clg Jean Monnet,6°1
Cash,Brock,M,Clg Jean Monnet,6°1
Whitney,Madaline,F,Clg Jean Monnet,6°1
Ratliff,Kiona,F,Clg Jean Monnet,6°1
Henderson,Meghan,M,Clg Jean Monnet,6°1
Mills,Hiram,F,Clg Jean Monnet,6°1
Irwin,Palmer,F,Clg Jean Monnet,6°1
Horn,Kai,M,Clg Jean Monnet,6°1
Wyatt,Shana,M,Clg Jean Monnet,6°1
Cabrera,Michael,F,Clg Jean Monnet,6°1
Slater,Sloane,F,Clg Jean Monnet,6°1
Shaffer,Rhiannon,M,Clg Jean Monnet,6°1
Noel,Nita,F,Clg Jean Monnet,6°1
Phillips,Hanna,M,Clg Jean Monnet,6°1
Velasquez,Cynthia,F,Clg Jean Monnet,6°1
Tyson,Mollie,M,Clg Jean Monnet,6°1
Beasley,Stacy,F,Clg Jean Monnet,6°2
Schultz,Anika,M,Clg Jean Monnet,6°2
Mathews,Shafira,F,Clg Jean Monnet,6°2
Cooper,Gray,F,Clg Jean Monnet,6°2
Wilcox,Lyle,M,Clg Jean Monnet,6°2
Cooke,Jeremy,F,Clg Jean Monnet,6°2
Horne,Wilma,M,Clg Jean Monnet,6°2
Vasquez,Alana,F,Clg Jean Monnet,6°2
Clark,Shelby,F,Clg Jean Monnet,6°2
Duke,Audra,F,Clg Jean Monnet,6°2
Winters,Sheila,M,Clg Jean Monnet,6°2
Cortez,Galvin,F,Clg Jean Monnet,6°2
Hays,Ramona,M,Clg Jean Monnet,6°2
Crawford,Quintessa,F,Clg Jean Monnet,6°2
Banks,Nita,M,Clg Jean Monnet,6°2
Spencer,Desiree,F,Clg Jean Monnet,6°2
Le,Theodore,F,Clg Jean Monnet,6°2
Mayo,Jermaine,F,Clg Jean Monnet,6°2
Hampton,Aaron,M,Clg Jean Monnet,6°2
Branch,Judah,M,Clg Jean Monnet,6°2
Cross,Sopoline,M,Clg Jean Monnet,6°2
Gay,Claudia,F,Clg Jean Monnet,5°1
Lynch,Fulton,F,Clg Jean Monnet,5°1
Garza,Azalia,F,Clg Jean Monnet,5°1
Huff,Aladdin,M,Clg Jean Monnet,5°1
Spears,Cameron,M,Clg Jean Monnet,5°1
Davenport,Gage,F,Clg Jean Monnet,5°1
Odonnell,Vernon,F,Clg Jean Monnet,5°1
Sexton,Jordan,F,Clg Jean Monnet,5°1
Gibson,Brody,F,Clg Jean Monnet,5°1
Smith,Shellie,M,Clg Jean Monnet,5°1
Bennett,Demetria,F,Clg Jean Monnet,5°1
Winters,Arthur,M,Clg Jean Monnet,5°1
Riddle,Scarlett,M,Clg Jean Monnet,5°1
Mann,Kaden,M,Clg Jean Monnet,5°1
Murphy,Kieran,M,Clg Jean Monnet,5°1
Porter,Aline,M,Clg Jean Monnet,5°1
Callahan,Mary,M,Clg Jean Monnet,5°1
Bowman,Shay,M,Clg Jean Monnet,5°1
Curry,Zelenia,F,Clg Jean Monnet,5°1
Mercer,Lilah,M,Clg Jean Monnet,5°1
Parker,Ryder,F,Clg Jean Monnet,5°1
Dickson,Hyacinth,F,Clg Jean Monnet,5°2
Daniels,Cailin,F,Clg Jean Monnet,5°2
Avery,Leroy,M,Clg Jean Monnet,5°2
Bray,Buffy,M,Clg Jean Monnet,5°2
Blanchard,Cecilia,M,Clg Jean Monnet,5°2
Davis,Whitney,F,Clg Jean Monnet,5°2
Clarke,Vera,M,Clg Jean Monnet,5°2
Keller,Griffith,F,Clg Jean Monnet,5°2
Garrison,Harlan,M,Clg Jean Monnet,5°2
Madden,Samuel,M,Clg Jean Monnet,5°2
Hogan,Xerxes,M,Clg Jean Monnet,5°2
Robbins,Hakeem,M,Clg Jean Monnet,5°2
Payne,Aurora,M,Clg Jean Monnet,5°2
Cain,Hiram,F,Clg Jean Monnet,5°2
Burns,Leo,M,Clg Jean Monnet,5°2
Valencia,Lesley,M,Clg Jean Monnet,5°2
Meyer,Hamilton,M,Clg Jean Monnet,5°2
Howard,Jeremy,F,Clg Jean Monnet,5°2
Mcdonald,Dylan,F,Clg Jean Monnet,5°2
Mills,Wynter,M,Clg Jean Monnet,5°2
Moon,Len,F,Clg Jean Monnet,5°2
Lyons,Burton,F,Clg Jean Monnet,4°1
Wood,Dacey,F,Clg Jean Monnet,4°1
Price,Bell,M,Clg Jean Monnet,4°1
Morin,Wang,M,Clg Jean Monnet,4°1
Sosa,Kasper,F,Clg Jean Monnet,4°1
Ayers,Hadassah,F,Clg Jean Monnet,4°1
Berg,Kieran,M,Clg Jean Monnet,4°1
Willis,Maya,F,Clg Jean Monnet,4°1
Gibson,Samson,M,Clg Jean Monnet,4°1
Daniels,Nadine,F,Clg Jean Monnet,4°1
Calderon,Eaton,M,Clg Jean Monnet,4°1
Howe,Oliver,M,Clg Jean Monnet,4°1
Nicholson,Basil,M,Clg Jean Monnet,4°1
Frost,Yoko,M,Clg Jean Monnet,4°1
Meadows,Leonard,F,Clg Jean Monnet,4°1
Johnston,Chantale,M,Clg Jean Monnet,4°1
Hewitt,Montana,F,Clg Jean Monnet,4°1
Glass,Pamela,M,Clg Jean Monnet,4°1
Hall,Raymond,F,Clg Jean Monnet,4°1
Holcomb,Baker,F,Clg Jean Monnet,4°1
Hays,Zeus,F,Clg Jean Monnet,4°1
Ruiz,Jeremy,M,Clg Jean Monnet,4°2
Herring,Marshall,M,Clg Jean Monnet,4°2
Dixon,Myles,F,Clg Jean Monnet,4°2
Pennington,Jakeem,M,Clg Jean Monnet,4°2
Lloyd,Curran,M,Clg Jean Monnet,4°2
Castillo,Harlan,M,Clg Jean Monnet,4°2
Alston,Yoshi,M,Clg Jean Monnet,4°2
Herrera,Amir,F,Clg Jean Monnet,4°2
English,Rhea,M,Clg Jean Monnet,4°2
Waller,Chaney,M,Clg Jean Monnet,4°2
Cunningham,Sydney,M,Clg Jean Monnet,4°2
Hardin,Ezekiel,M,Clg Jean Monnet,4°2
Tyler,Remedios,F,Clg Jean Monnet,4°2
Calhoun,Ingrid,F,Clg Jean Monnet,4°2
Moreno,Larissa,M,Clg Jean Monnet,4°2
Yates,Slade,M,Clg Jean Monnet,4°2
Wells,Dexter,F,Clg Jean Monnet,4°2
Castillo,Veronica,F,Clg Jean Monnet,4°2
Blackburn,Jesse,M,Clg Jean Monnet,4°2
Rose,Kermit,M,Clg Jean Monnet,4°2
Savage,Samuel,F,Clg Jean Monnet,4°2
Avery,Jonah,M,Clg Jean Monnet,3°1
Suarez,Kadeem,F,Clg Jean Monnet,3°1
Pearson,Jacob,M,Clg Jean Monnet,3°1
Blevins,Michael,F,Clg Jean Monnet,3°1
Patterson,Cyrus,F,Clg Jean Monnet,3°1
Briggs,Nasim,M,Clg Jean Monnet,3°1
Everett,Remedios,F,Clg Jean Monnet,3°1
Parrish,Murphy,M,Clg Jean Monnet,3°1
Howard,Inez,M,Clg Jean Monnet,3°1
Cabrera,Hayes,M,Clg Jean Monnet,3°1
Downs,Leonard,M,Clg Jean Monnet,3°1
Velez,Kimberley,F,Clg Jean Monnet,3°1
Franklin,Dawn,F,Clg Jean Monnet,3°1
Jacobson,Camille,F,Clg Jean Monnet,3°1
Wade,Hu,F,Clg Jean Monnet,3°1
Maddox,Bianca,F,Clg Jean Monnet,3°1
Cameron,Phyllis,M,Clg Jean Monnet,3°1
Ray,Jade,F,Clg Jean Monnet,3°1
Gardner,Bertha,M,Clg Jean Monnet,3°1
Carr,Kermit,M,Clg Jean Monnet,3°1
Bridges,Nina,F,Clg Jean Monnet,3°1
Munoz,Camille,M,Clg Jean Monnet,3°1
Martin,Germaine,F,Clg Jean Monnet,3°1
Bradshaw,Fitzgerald,M,Clg Jean Monnet,3°1
Meyer,Illana,F,Clg Jean Monnet,3°1
